<?xml version="1.0" encoding="UTF-8"?>
<project-private xmlns="http://www.netbeans.org/ns/project-private/1">
    <editor-bookmarks xmlns="http://www.netbeans.org/ns/editor-bookmarks/2" lastBookmarkId="0"/>
    <open-files xmlns="http://www.netbeans.org/ns/projectui-open-files/2">
        <group name="sockets">
            <file>file:/D:/proyectosNetBeans/Youtube/sockets/Ejercicio_sockets_DDR_5/src/ejercicio_sockets_ddr_5/Cliente.java</file>
            <file>file:/D:/proyectosNetBeans/Youtube/sockets/Ejercicio_sockets_DDR_5/src/ejercicio_sockets_ddr_5/Servidor.java</file>
            <file>file:/D:/proyectosNetBeans/Youtube/sockets/Ejercicio_sockets_DDR_5/src/ejercicio_sockets_ddr_5/FrmGasolineraCliente.java</file>
            <file>file:/D:/proyectosNetBeans/Youtube/sockets/Ejercicio_sockets_DDR_5/src/ejercicio_sockets_ddr_5/FrmGasolineraServidor.java</file>
        </group>
    </open-files>
</project-private>
